id	Protein IDs	Majority protein IDs	Protein names	TAIR Gene IDs	Gene names	Ratio CL(H)/NoCL(L) rep1	Ratio CL(L)/NoCL(H) rep2	Ratio CL(L)/NoCL(H) rep3	Ratio Count	Ratio Average	p.adjusted value	neg log10 p.adjusted value		Chikako GOBP ID	Chikako GOBP name	Chikako GOCC ID	Chikako GOCC name	Chikako GOMF ID	Chikako GOMF name	RNA Binding	RNA related	GOBP name	GOMF name	GOCC name	KEGG name	Pfam	Intensity L rep1	Intensity H rep1	Intensity L rep2	Intensity H rep2	Intensity L rep3	Intensity H rep3	RNA biology status	RNA biology status Chikako	RNA biology status Chikako's GOs+Rasti's criteria corrected	RBD	Present in WCL
257	O23144;Q56ZW7	O23144	Proton pump-interactor 1	AT4G27500	PPI1	3.74621	4.39535	5.39964	3	4.5137333333	6.85444477622221E-015	14.1640277182		GO:0043269;GO:0006612;GO:0010155;GO:0015802;GO:0006820;GO:0006888;GO:0015696;GO:0043069;GO:0010363;GO:0043090;GO:0006862	regulation of ion transport;protein targeting to membrane;regulation of proton transport;basic amino acid transport;anion transport;ER to Golgi vesicle-mediated transport;ammonium transport;negative regulation of programmed cell death;regulation of plant-type hypersensitive response;amino acid import;nucleotide transport	GO:0005789;GO:0005737;GO:0005886;GO:0016021;GO:0005783;GO:0009506	endoplasmic reticulum membrane;cytoplasm;plasma membrane;integral component of membrane;endoplasmic reticulum;plasmodesma	GO:0005515	protein binding			biological regulation;regulation of biological process;regulation of ion transport;regulation of localization;regulation of proton transport;regulation of transport		cell junction;cell part;cell-cell junction;cytoplasmic part;endoplasmic reticulum membrane;endoplasmic reticulum part;integral to membrane;intracellular organelle part;intracellular part;intrinsic to membrane;membrane;membrane part;organelle membrane;organelle part;plasma membrane;plasmodesma			2733600	128560000	163730000	3032300	1091900000	9368800	unknown	unknown	unknown	unknown	1
161	P60039;F4IT48	P60039;F4IT48	60S ribosomal protein L7-3	AT2G44120	RPL7C	4.20469	4.30889	4.75934	3	4.4243066667	2.04927827634598E-014	13.6883990637		GO:0006412;GO:0001510	translation;RNA methylation	GO:0005737;GO:0022626;GO:0005773;GO:0022625;GO:0005730;GO:0015934;GO:0009507;GO:0009506;GO:0005829;GO:0016020;GO:0005840	cytoplasm;cytosolic ribosome;vacuole;cytosolic large ribosomal subunit;nucleolus;large ribosomal subunit;chloroplast;plasmodesma;cytosol;membrane;ribosome	GO:0003735	structural constituent of ribosome		GO:0005840			cell junction;cell part;cell-cell junction;chloroplast;cytoplasmic part;cytosolic large ribosomal subunit;intracellular membrane-bounded organelle;intracellular non-membrane-bounded organelle;intracellular organelle;intracellular organelle part;intracellular part;large ribosomal subunit;macromolecular complex;membrane;membrane-bounded organelle;non-membrane-bounded organelle;nuclear part;nucleolus;organelle;organelle part;plasmodesma;plastid;ribonucleoprotein complex;ribosome;vacuole		Ribosomal_L30;Ribosomal_L30_N	338760	17196000	39942000	1184700	149230000	6870800	linked	linked	linked	unknown	1
255	O22957;F4IGU7	O22957;F4IGU7	Apoptosis inhibitory protein 5	AT2G34040	API5	3.46074	4.98965	4.05791	3	4.1694333333	4.80964803425423E-013	12.3178867037				GO:0009506;GO:0005829;GO:0005634	plasmodesma;cytosol;nucleus							cell junction;cell part;cell-cell junction;cytoplasmic part;cytosol;intracellular part;plasmodesma		API5	281680	5839400	7726900	162890	62731000	2142600	unknown	unknown	unknown	unknown	1
55	F4HWB0;B9DGU1;Q9LQV9	F4HWB0;B9DGU1;Q9LQV9	hydroxyproline-rich glycoprotein family protein	AT1G14710	AT1G14710	3.28087	4.31015	4.55216	3	4.0477266667	2.13210553705296E-012	11.671191302		GO:0008150	biological_process	GO:0005634;GO:0005829	nucleus;cytosol	GO:0003674	molecular_function					cell part;cytoplasmic part;cytosol;intracellular part		2OG-FeII_Oxy_2	1311200	13126000	23200000	13256000	270910000	64762000	unknown	unknown	unknown	unknown	1
499	Q8RYC3	Q8RYC3	Nucleic acid-binding, OB-fold-like protein	AT2G33845		NaN	3.26437	6.59214	2	4.928255	2.6956281110996E-012	11.5693400233		GO:0008150	biological_process	GO:0005634	nucleus	GO:0003674	molecular_function						DNA replication;Homologous recombination;Mismatch repair;Nucleotide excision repair		0	883760	5680400	363550	81128000	371400	unknown	unknown	unknown	unknown	1
437	Q66GR6-2;Q66GR6	Q66GR6-2;Q66GR6	Single-stranded DNA-binding protein WHY3, chloroplastic	AT2G02740	WHY3,  WHIRLY 3	3.55434	NaN	6.00759	2	4.780965	9.97732856014221E-012	11.0009857259		GO:0006355;GO:0006281;GO:0006351;GO:0006952	regulation of transcription, DNA-templated;DNA repair;transcription, DNA-templated;defense response	GO:0009570;GO:0009507;GO:0009295;GO:0009508	chloroplast stroma;chloroplast;nucleoid;plastid chromosome	GO:0003677	DNA binding			biological regulation;biosynthetic process;cellular biosynthetic process;cellular macromolecule biosynthetic process;cellular macromolecule metabolic process;cellular metabolic process;cellular nitrogen compound metabolic process;cellular process;cellular response to stimulus;cellular response to stress;defense response;DNA metabolic process;DNA repair;macromolecule biosynthetic process;macromolecule metabolic process;metabolic process;nitrogen compound metabolic process;nucleic acid metabolic process;nucleobase-containing compound metabolic process;primary metabolic process;regulation of biological process;regulation of biosynthetic process;regulation of cellular biosynthetic process;regulation of cellular macromolecule biosynthetic process;regulation of cellular metabolic process;regulation of cellular process;regulation of gene expression;regulation of macromolecule biosynthetic process;regulation of macromolecule metabolic process;regulation of metabolic process;regulation of nitrogen compound metabolic process;regulation of nucleobase-containing compound metabolic process;regulation of primary metabolic process;regulation of RNA metabolic process;regulation of transcription, DNA-dependent;response to DNA damage stimulus;response to stimulus;response to stress;RNA biosynthetic process;RNA metabolic process;transcription, DNA-dependent	binding;DNA binding;nucleic acid binding	cell part;chloroplast part;chloroplast stroma;chromosome;cytoplasmic chromosome;cytoplasmic part;intracellular non-membrane-bounded organelle;intracellular organelle;intracellular organelle part;intracellular part;non-membrane-bounded organelle;organelle;organelle part;plastid chromosome;plastid part;plastid stroma		Whirly	291560	18015000	23024000	295630	16224000	199870	unknown	unknown	unknown	unknown	1
708	Q9M047;Q94JX2;P93652;Q9M047-2	Q9M047;Q94JX2;P93652;Q9M047-2	member of the Arabidopsis LIM proteins	AT3G55770	F1I16_180;atl2, WLIM2B	3.13868	4.5863	3.3691	3	3.6980266667	9.91365784956244E-011	10.003766074		GO:0051049;GO:0051017;GO:0006623;GO:0048573	regulation of transport;actin filament bundle assembly;protein targeting to vacuole;photoperiodism, flowering	GO:0015629;GO:0005856;GO:0005634;GO:0005737	actin cytoskeleton;cytoskeleton;nucleus;cytoplasm	GO:0051015;GO:0008270;GO:0003779	actin filament binding;zinc ion binding;actin binding				binding;cation binding;ion binding;metal ion binding;transition metal ion binding;zinc ion binding			LIM	247120	1981300	8862800	140530	6603600	5356800	unknown	unknown	unknown	unknown	1
731	Q9SB63	Q9SB63	Protein MODIFIER OF SNC1 1	AT4G24680	MOS1	3.07712	3.2227	4.4306	3	3.5768066667	3.65570122408739E-010	9.4370293058		GO:0010413;GO:0045492;GO:0000956;GO:0040029	glucuronoxylan metabolic process;xylan biosynthetic process;nuclear-transcribed mRNA catabolic process;regulation of gene expression, epigenetic			GO:0003674	molecular_function			cellular component organization;cellular component organization at cellular level;cellular component organization or biogenesis;cellular component organization or biogenesis at cellular level;cellular process;chromatin modification;chromatin organization;chromosome organization;organelle organization					1822000	55651000	55517000	3614600	299530000	11446000	unknown	unknown	linked	unknown	1
391	Q9LD55;Q0WW10;Q0WW15	Q9LD55;Q0WW10;Q0WW15	Eukaryotic translation initiation factor 3 subunit A	At4g11420	TIF3A1	3.32438	3.57744	3.67765	3	3.52649	6.24147354797829E-010	9.2047128657		GO:0006413;GO:0001731;GO:0006446	translational initiation;formation of translation preinitiation complex;regulation of translational initiation	GO:0005737;GO:0005829;GO:0005886;GO:0005852;GO:0016282;GO:0033290	cytoplasm;cytosol;plasma membrane;eukaryotic translation initiation factor 3 complex;eukaryotic 43S preinitiation complex;eukaryotic 48S preinitiation complex	GO:0003743	translation initiation factor activity				binding;nucleic acid binding;RNA binding;translation factor activity, nucleic acid binding;translation initiation factor activity	cell part;cytoplasmic part;cytosol;eukaryotic translation initiation factor 3 complex;intracellular part;macromolecular complex;membrane;plasma membrane;protein complex	RNA transport	PCI	5672600	41485000	30473000	2013100	132250000	3611700	linked	unknown	linked	unknown	1
389	Q0WUY5;Q9SSE4	Q0WUY5;Q9SSE4	Kinase-related protein of unknown function (DUF1296)	AT3G07660	MLP3.11	2.60027	5.13082	2.82286	3	3.5179833333	6.74349383667864E-010	9.1711150351		GO:0008150	biological_process	GO:0005634	nucleus	GO:0003674	molecular_function							DUF1296	340630	7300900	17309000	87572	73200000	28222000	unknown	unknown	unknown	unknown	1
728	Q9S814	Q9S814	Ethylene-insensitive protein 2	AT5G03280	EIN2	3.61518	3.27411	3.18929	3	3.3595266667	3.58470886881678E-009	8.4455461097		GO:0009736;GO:0009755;GO:0016558;GO:0002237;GO:0031348;GO:0009871;GO:0009873;GO:0001944;GO:0048825;GO:0071281;GO:0052544;GO:0009651;GO:0009734;GO:0048765;GO:0009408;GO:0009723;GO:0009789;GO:0042742;GO:0010119;GO:0050832;GO:0010182;GO:0009725;GO:0051301;GO:0010351;GO:0006869;GO:0006970;GO:0006979;GO:0010150;GO:0001736;GO:0009926;GO:0006891;GO:0008219;GO:0009753	cytokinin-activated signaling pathway;hormone-mediated signaling pathway;protein import into peroxisome matrix;response to molecule of bacterial origin;negative regulation of defense response;jasmonic acid and ethylene-dependent systemic resistance, ethylene mediated signaling pathway;ethylene-activated signaling pathway;vasculature development;cotyledon development;cellular response to iron ion;defense response by callose deposition in cell wall;response to salt stress;auxin-activated signaling pathway;root hair cell differentiation;response to heat;response to ethylene;positive regulation of abscisic acid-activated signaling pathway;defense response to bacterium;regulation of stomatal movement;defense response to fungus;sugar mediated signaling pathway;response to hormone;cell division;lithium ion transport;lipid transport;response to osmotic stress;response to oxidative stress;leaf senescence;establishment of planar polarity;auxin polar transport;intra-Golgi vesicle-mediated transport;cell death;response to jasmonic acid	GO:0005886;GO:0016021	plasma membrane;integral component of membrane	GO:0005515;GO:0005215	protein binding;transporter activity			aging;anatomical structure morphogenesis;auxin mediated signaling pathway;auxin polar transport;auxin transport;biological regulation;callose deposition in cell wall;callose localization;carbohydrate mediated signaling;cell maturation;cell wall modification;cell wall organization;cell wall organization or biogenesis;cell wall thickening;cellular component organization or biogenesis;cellular developmental process;cellular localization;cellular macromolecule localization;cellular process;cellular response to auxin stimulus;cellular response to carbohydrate stimulus;cellular response to chemical stimulus;cellular response to cytokinin stimulus;cellular response to endogenous stimulus;cellular response to ethylene stimulus;cellular response to hormone stimulus;cellular response to inorganic substance;cellular response to iron ion;cellular response to metal ion;cellular response to organic substance;cellular response to stimulus;cellular response to stress;cytokinin mediated signaling pathway;defense response;defense response by callose deposition;defense response by callose deposition in cell wall;defense response by cell wall thickening;defense response to bacterium;defense response to fungus;developmental maturation;developmental process;establishment of localization;establishment of planar polarity;establishment of tissue polarity;ethylene mediated signaling pathway;hormone transport;hormone-mediated signaling pathway;jasmonic acid and ethylene-dependent systemic resistance, ethylene mediated signaling pathway;leaf senescence;localization;macromolecule localization;multi-organism process;negative regulation of biological process;negative regulation of defense response;negative regulation of response to stimulus;organ senescence;polysaccharide localization;positive regulation of abscisic acid mediated signaling pathway;positive regulation of biological process;positive regulation of cell communication;positive regulation of cellular process;positive regulation of response to stimulus;positive regulation of signal transduction;positive regulation of signaling;regulation of abscisic acid mediated signaling pathway;regulation of biological process;regulation of biological quality;regulation of cell communication;regulation of cellular process;regulation of defense response;regulation of hormone levels;regulation of response to stimulus;regulation of response to stress;regulation of signal transduction;regulation of signaling;regulation of stomatal movement;response to abiotic stimulus;response to auxin stimulus;response to bacterium;response to biotic stimulus;response to carbohydrate stimulus;response to chemical stimulus;response to cytokinin stimulus;response to endogenous stimulus;response to ethylene stimulus;response to fungus;response to heat;response to hormone stimulus;response to inorganic substance;response to iron ion;response to metal ion;response to molecule of bacterial origin;response to organic substance;response to osmotic stress;response to other organism;response to salt stress;response to stimulus;response to stress;response to temperature stimulus;root hair cell differentiation;signal transduction;sugar mediated signaling pathway;transport;trichoblast maturation;two-component signal transduction system (phosphorelay)	transporter activity	cell part;integral to membrane;intrinsic to membrane;membrane part	Plant hormone signal transduction	Nramp	5826300	70672000	59557000	4402300	245620000	36976000	unknown	unknown	unknown	unknown	1
168	F4J0L7;Q9SND1;Q56WF1	F4J0L7;Q9SND1	unknown protein	AT3G50370	F11C1_210	3.49595	3.10086	3.44516	3	3.3473233333	0.000000004	8.3989466113		GO:0008150	biological_process	GO:0005737	cytoplasm	GO:0003674	molecular_function								8912400	60357000	44039000	13806000	176930000	191500000	unknown	unknown	unknown	unknown	1
725	Q9S791;F4I4N5;F4I4N4;Q944J9;Q9SF11	Q9S791	Protein of unknown function DUF2359	AT1G70770	F5A18.5	3.71666	2.90823	3.41378	3	3.3462233333	0.000000004	8.397389421		GO:0030968;GO:0006007;GO:0006098;GO:0009651	endoplasmic reticulum unfolded protein response;glucose catabolic process;pentose-phosphate shunt;response to salt stress	GO:0005774;GO:0016020;GO:0005783;GO:0005634;GO:0009506;GO:0005886;GO:0005794	vacuolar membrane;membrane;endoplasmic reticulum;nucleus;plasmodesma;plasma membrane;Golgi apparatus	GO:0003674	molecular_function					cell junction;cell part;cell-cell junction;cytoplasmic part;endoplasmic reticulum;Golgi apparatus;intracellular membrane-bounded organelle;intracellular organelle;intracellular organelle part;intracellular part;membrane;membrane-bounded organelle;nucleus;organelle;organelle membrane;organelle part;plasma membrane;plasmodesma;vacuolar membrane;vacuolar part		DUF2359	750190	22787000	23642000	2633400	48227000	6421500	unknown	unknown	unknown	unknown	1
608	Q9FKA5;Q6NLC5;Q8L7V6;Q9LJV8	Q9FKA5	Uncharacterized protein 	At5g39570		3.3488	2.30579	3.84032	3	3.16497	2.4773351047732E-008	7.6060152432		GO:0008150	biological_process	GO:0005634;GO:0005829	nucleus;cytosol	GO:0003674	molecular_function								1452300	3585800	482830	61217	1637500	90000	unknown	unknown	unknown	unknown	1
473	Q9LW11;Q8L976	Q9LW11;Q8L976	Ran BP2/NZF zinc finger-like superfamily protein	AT3G15680		4.52795	1.88167	3.07534	3	3.1616533333	2.52603682727578E-008	7.5975603221		GO:0009664;GO:0016310;GO:0042545	plant-type cell wall organization;phosphorylation;cell wall modification			GO:0016301;GO:0008270	kinase activity;zinc ion binding				binding;catalytic activity;cation binding;ion binding;kinase activity;metal ion binding;transferase activity;transferase activity, transferring phosphorus-containing groups;transition metal ion binding;zinc ion binding	cell part;intracellular		zf-RanBP	40723	1452300	1091500	227440	8780400	690640	unknown	unknown	unknown	unknown	1
721	Q9M9S3	Q9M9S3	Single-stranded DNA-binding protein WHY1, chloroplastic	AT1G14410	WHY1, WHIRLY1	3.60976	2.35882	3.46635	3	3.1449766667	2.96819301641129E-008	7.5275078611		GO:0032211;GO:0006355;GO:0006281;GO:0006952;GO:0006351	negative regulation of telomere maintenance via telomerase;regulation of transcription, DNA-templated;DNA repair;defense response;transcription, DNA-templated	GO:0005697;GO:0009295;GO:0009508;GO:0009507	telomerase holoenzyme complex;nucleoid;plastid chromosome;chloroplast	GO:0003697;GO:0003677;GO:0042162	single-stranded DNA binding;DNA binding;telomeric DNA binding			biological regulation;biosynthetic process;cellular biosynthetic process;cellular macromolecule biosynthetic process;cellular macromolecule metabolic process;cellular metabolic process;cellular nitrogen compound metabolic process;cellular process;cellular response to stimulus;cellular response to stress;defense response;DNA metabolic process;DNA repair;macromolecule biosynthetic process;macromolecule metabolic process;metabolic process;negative regulation of biological process;negative regulation of biosynthetic process;negative regulation of cellular biosynthetic process;negative regulation of cellular component organization;negative regulation of cellular macromolecule biosynthetic process;negative regulation of cellular metabolic process;negative regulation of cellular process;negative regulation of DNA metabolic process;negative regulation of DNA replication;negative regulation of homeostatic process;negative regulation of macromolecule biosynthetic process;negative regulation of macromolecule metabolic process;negative regulation of metabolic process;negative regulation of nitrogen compound metabolic process;negative regulation of nucleobase-containing compound metabolic process;negative regulation of organelle organization;negative regulation of telomere maintenance;negative regulation of telomere maintenance via telomerase;nitrogen compound metabolic process;nucleic acid metabolic process;nucleobase-containing compound metabolic process;primary metabolic process;regulation of biological process;regulation of biosynthetic process;regulation of cellular biosynthetic process;regulation of cellular component organization;regulation of cellular macromolecule biosynthetic process;regulation of cellular metabolic process;regulation of cellular process;regulation of chromosome organization;regulation of DNA metabolic process;regulation of DNA replication;regulation of gene expression;regulation of homeostatic process;regulation of macromolecule biosynthetic process;regulation of macromolecule metabolic process;regulation of metabolic process;regulation of nitrogen compound metabolic process;regulation of nucleobase-containing compound metabolic process;regulation of organelle organization;regulation of primary metabolic process;regulation of RNA metabolic process;regulation of telomere maintenance;regulation of telomere maintenance via telomerase;regulation of transcription, DNA-dependent;response to DNA damage stimulus;response to stimulus;response to stress;RNA biosynthetic process;RNA metabolic process;transcription, DNA-dependent	binding;DNA binding;nucleic acid binding;sequence-specific DNA binding;single-stranded DNA binding;structure-specific DNA binding;telomeric DNA binding	cell part;chloroplast;chromosome;cytoplasmic chromosome;cytoplasmic part;intracellular membrane-bounded organelle;intracellular non-membrane-bounded organelle;intracellular organelle;intracellular organelle part;intracellular part;membrane-bounded organelle;non-membrane-bounded organelle;organelle;organelle part;plastid;plastid chromosome;plastid part		Whirly	1840500	8175700	5547500	729440	19294000	1678900	unknown	unknown	unknown	unknown	1
525	Q93W05;Q9XIJ0;Q9SGZ2	Q93W05;Q9XIJ0;Q9SGZ2	Nucleic acid-binding, OB-fold-like protein	AT1G10590		NaN	1.39813	6.17887	2	3.7885	4.64992411876756E-008	7.3325541342		GO:0008150	biological_process	GO:0005886	plasma membrane							cell part;membrane;plasma membrane	DNA replication;Homologous recombination;Mismatch repair;Nucleotide excision repair		282800	30613000	5598600	1580200	57244000	9070000	unknown	unknown	unknown	unknown	1
117	F4HRV0;Q8GZ43	F4HRV0;Q8GZ43	RanBP2-type zinc finger protein 	At1g67325	At1g67325	NaN	3.54242	3.85854	2	3.70048	0.000000091	7.0408426696		GO:0008150	biological_process	GO:0009507	chloroplast	GO:0008270	zinc ion binding				binding;cation binding;ion binding;metal ion binding;transition metal ion binding;zinc ion binding	cell part;intracellular		zf-RanBP	0	0	3673100	242580	21264000	837970	unknown	unknown	unknown	unknown	1
125	F4HWC3;Q9SYP0;Q8GXA7	F4HWC3;Q9SYP0	uncharacterized protein	AT1G20970	F9H16.4	2.61358	2.39661	3.69078	3	2.9003233333	0.000000279	6.554430891		GO:0008150	biological_process	GO:0005773;GO:0005634;GO:0005886	vacuole;nucleus;plasma membrane	GO:0003674	molecular_function					cell part;cytoplasmic part;intracellular membrane-bounded organelle;intracellular organelle;intracellular part;membrane;membrane-bounded organelle;organelle;plasma membrane;vacuole			497210	15629000	16650000	1059300	235450000	13355000	unknown	unknown	unknown	unknown	1
136	F4I1G1;Q8W0Z3;Q8VZT4;Q9C7R5;Q9C7R4	F4I1G1;Q8W0Z3;Q8VZT4;Q9C7R5;Q9C7R4	Kinase-related protein of unknown function 	AT1G29350	F15D2.27;F15D2.28	1.59354	4.25297	2.80834	3	2.88495	3.15877451732315E-007	6.5004813742		GO:0008150	biological_process	GO:0005634	nucleus	GO:0003674	molecular_function				catalytic activity;kinase activity;transferase activity;transferase activity, transferring phosphorus-containing groups			DUF1296	2998600	7610800	9840900	222230	68388000	2706200	unknown	unknown	unknown	unknown	0
388	Q0WUK0;Q8L7T4;Q9LVK1	Q0WUK0;Q8L7T4;Q9LVK1	Kinase-related protein of unknown function (DUF1296)	AT3G13990		2.62905	2.62451	3.34451	3	2.8660233333	3.76413741215923E-007	6.4243345308		GO:0008150	biological_process	GO:0005634;GO:0005829	nucleus;cytosol	GO:0003674	molecular_function					cell part;cytoplasmic part;cytosol;intracellular membrane-bounded organelle;intracellular organelle;intracellular part;membrane-bounded organelle;nucleus;organelle		DUF1296	430250	5873200	4540100	266590	53277000	1085900	unknown	unknown	unknown	unknown	1
793	Q9ZVJ6;C0Z2T1	Q9ZVJ6;C0Z2T1	Annexin D4	AT2G38750	ANN4;	4.22628	NaN	2.72109	2	3.473685	4.90944050940227E-007	6.3089679982		GO:0009651;GO:0009414;GO:0009409;GO:0009737;GO:0006970;GO:0009408	response to salt stress;response to water deprivation;response to cold;response to abscisic acid;response to osmotic stress;response to heat	GO:0009507;GO:0009986;GO:0009506	chloroplast;cell surface;plasmodesma	GO:0005544;GO:0005509	calcium-dependent phospholipid binding;calcium ion binding			response to abiotic stimulus;response to abscisic acid stimulus;response to chemical stimulus;response to cold;response to endogenous stimulus;response to heat;response to hormone stimulus;response to organic substance;response to osmotic stress;response to salt stress;response to stimulus;response to stress;response to temperature stimulus;response to water;response to water deprivation	binding;calcium ion binding;calcium-dependent phospholipid binding;cation binding;ion binding;lipid binding;metal ion binding;phospholipid binding	cell junction;cell-cell junction;plasmodesma		Annexin	165940	5316000	0	0	5540400	656950	unknown	unknown	unknown	unknown	1
233	P93311;G1C2X5;A7KNJ3;F4IMC7	P93311;G1C2X5;A7KNJ3;F4IMC7	60S ribosomal protein L2, mitochondrial	ATMG00560	RPL2;rpl2	2.62129	2.31977	3.46618	3	2.8024133333	6.63736137901349E-007	6.178004536		GO:0006412	translation	GO:0005739;GO:0005762;GO:0005840	mitochondrion;mitochondrial large ribosomal subunit;ribosome	GO:0003735	structural constituent of ribosome		GO:0005762;GO:0005840	biosynthetic process;cellular biosynthetic process;cellular macromolecule biosynthetic process;cellular macromolecule metabolic process;cellular metabolic process;cellular process;cellular protein metabolic process;macromolecule biosynthetic process;macromolecule metabolic process;metabolic process;primary metabolic process;protein metabolic process;translation	structural constituent of ribosome;structural molecule activity	cell part;cytoplasmic part;intracellular membrane-bounded organelle;intracellular non-membrane-bounded organelle;intracellular organelle;intracellular part;macromolecular complex;membrane-bounded organelle;mitochondrion;non-membrane-bounded organelle;organelle;ribonucleoprotein complex;ribosome		Ribosomal_L2	105220	1197200	2613100	483020	5252900	253890	linked	linked	linked	unknown	0
434	Q8H1P8;Q8RXP5;Q56YP1;Q56YR0;Q0WL99;Q56YM2;Q0WM06;O04604;Q9M141;Q0WLA2;Q9M140	Q8H1P8;Q8RXP5;Q56YP1;Q56YR0;Q0WL99;Q56YM2;Q0WM06;O04604;Q9M141;Q0WLA2	Unknown protein	AT4G01290	A_IG002N01.4	1.61443	4.1528	2.63165	3	2.7996266667	6.77474329662481E-007	6.1691071561		GO:0048765;GO:0010090;GO:0008150;GO:0045010;GO:0071555;GO:0007155	root hair cell differentiation;trichome morphogenesis;biological_process;actin nucleation;cell wall organization;cell adhesion	GO:0005634	nucleus	GO:0003674	molecular_function			actin nucleation, biological_process, cell adhesion, cell wall organization, root hair cell differentiation, trichome morphogenesis					4359200	4393400	5307300	244910	30284000	3054800	unknown	unknown	unknown	unknown	1
650	Q9LFX8	Q9LFX8	glycine-rich protein	AT1G27090		1.87161	2.68538	3.78534	3	2.7807766667	7.98839916705753E-007	6.0975402423		GO:0006007	glucose catabolic process	GO:0009507;GO:0005829	chloroplast;cytosol							cell part;cytoplasmic part;cytosol;intracellular part			930600	12126000	17358000	945470	231490000	55282000	unknown	unknown	unknown	unknown	1
273	O49453	O49453	Nucleic acid-binding, OB-fold-like protein	At4g28440		1.85691	3.29889	3.15804	3	2.77128	8.67737117709049E-007	6.0616118251		GO:0080129;GO:0009853;GO:0006511;GO:0051788;GO:0008150	proteasome core complex assembly;photorespiration;ubiquitin-dependent protein catabolic process;response to misfolded protein;biological_process	GO:0005829	cytosol	GO:0003674	molecular_function					cell part;cytoplasmic part;cytosol;intracellular part	DNA replication;Homologous recombination;Mismatch repair;Nucleotide excision repair		773780	24866000	25955000	1090500	132320000	2041800	unknown	unknown	unknown	unknown	1
695	Q9LW52;F4JUP8	Q9LW52	Unknown protein	AT3G23450		3.11964	3.48163	NaN	2	3.300635	1.65615828019288E-006	5.7808981597		GO:0008150	biological_process			GO:0003674	molecular_function								2191600	17180000	9119700	894920	11841000	2349400	unknown	unknown	unknown	unknown	1
621	Q9FMM3	Q9FMM3	GYF domain-containing protein	AT5G42950		3.05724	2.36915	2.43635	3	2.6209133333	3.08568336196241E-006	5.5106486412		GO:0009737	response to abscisic acid	GO:0009507	chloroplast	GO:0003674	molecular_function			response to abscisic acid stimulus;response to chemical stimulus;response to endogenous stimulus;response to hormone stimulus;response to organic substance;response to stimulus				GYF	2723700	8018100	2217600	265140	22840000	1895300	unknown	unknown	unknown	unknown	1
279	O64843	O64843	CTC-INTERACTING DOMAIN 7	AT2G26280	CID7	2.71776	2.283	2.62078	3	2.5405133333	6.07573556611015E-006	5.2164011362		GO:0006298	mismatch repair	GO:0009507	chloroplast	GO:0005524;GO:0005515;GO:0003684	ATP binding;protein binding;damaged DNA binding			mismatch repair	ATP binding, damaged DNA binding, protein binding	chloroplast		DUF1771;Smr,PAM2	815590	6981200	2915400	888020	18707000	1682800	unknown	unknown	unknown	unknown	0
54	Q0WV25;B9DGT7;P29511;B9DFF8;Q944I2;Q56WH1;B9DHQ0;Q0WLQ5;P11139;Q570E3;Q56YZ2;CON__ENSEMBL:ENSBTAP00000016242	Q0WV25;B9DGT7;P29511;B9DFF8;Q944I2;Q56WH1;B9DHQ0	Tubulin alpha-4 chain;Tubulin alpha-2 chain;Tubulin alpha-6 chain;Tubulin alpha-3 chain;Tubulin alpha-5 chain	AT1G04820	TUBA4;TUBA2;TUBA6;TUA6;TUBA3;TUBA5	2.24382	2.3357	3.00822	3	2.5292466667	6.62939011766033E-006	5.1785264234		GO:0006084;GO:0010498;GO:0007017;GO:0071258;GO:0046686;GO:0006094;GO:0007010	acetyl-CoA metabolic process;proteasomal protein catabolic process;microtubule-based process;cellular response to gravity;response to cadmium ion;gluconeogenesis;cytoskeleton organization	GO:0005829;GO:0005886;GO:0005774;GO:0009507;GO:0005618;GO:0005737;GO:0045298;GO:0009570	cytosol;plasma membrane;vacuolar membrane;chloroplast;cell wall;cytoplasm;tubulin complex;chloroplast stroma	GO:0005200	structural constituent of cytoskeleton			cellular component assembly;cellular component assembly at cellular level;cellular component organization;cellular component organization at cellular level;cellular component organization or biogenesis;cellular component organization or biogenesis at cellular level;cellular macromolecular complex assembly;cellular macromolecular complex subunit organization;cellular process;cellular protein complex assembly;cellular response to abiotic stimulus;cellular response to gravity;cellular response to stimulus;cytoskeleton organization;macromolecular complex assembly;macromolecular complex subunit organization;microtubule cytoskeleton organization;microtubule-based process;organelle organization;protein complex assembly;protein complex subunit organization;protein polymerization;response to abiotic stimulus;response to gravity;response to osmotic stress;response to salt stress;response to stimulus;response to stress	binding;catalytic activity;GTP binding;GTPase activity;guanyl nucleotide binding;guanyl ribonucleotide binding;hydrolase activity;hydrolase activity, acting on acid anhydrides;hydrolase activity, acting on acid anhydrides, in phosphorus-containing anhydrides;nucleoside-triphosphatase activity;nucleotide binding;purine nucleotide binding;purine ribonucleoside triphosphate binding;purine ribonucleotide binding;pyrophosphatase activity;ribonucleotide binding;structural constituent of cytoskeleton;structural molecule activity	cell junction;cell part;cell wall;cell-cell junction;cytoplasm;cytoplasmic part;cytoskeletal part;cytosol;external encapsulating structure;intracellular membrane-bounded organelle;intracellular non-membrane-bounded organelle;intracellular organelle;intracellular organelle part;intracellular part;macromolecular complex;membrane;membrane-bounded organelle;microtubule;non-membrane-bounded organelle;nuclear part;nucleolus;organelle;organelle part;plasma membrane;plasmodesma;protein complex;tubulin complex;vacuole	Gap junction;Pathogenic Escherichia coli infection;Phagosome	Tubulin;Tubulin_C	2572600	11443000	3649900	477990	25210000	1879700	unknown	unknown	unknown	unknown	0
435	Q9ASR0;Q56YW9;P29517;P24636;P29515;B9DI08;P12411;Q6LAB6	Q9ASR0;Q56YW9;P29517;P24636;P29515;B9DI08	Tubulin beta-3 chain;Tubulin beta-2 chain;Tubulin beta-9 chain;Tubulin beta-4 chain;Tubulin beta-7 chain	AT4G20890	TUBB3;TUBB2;TUBB9;TUBB4;TUBB7	3.15119	NaN	2.93744	2	3.044315	9.47359814389929E-006	5.0234850414		GO:0046686;GO:0007017;GO:0006094;GO:0010498;GO:0051258;GO:0007010	response to cadmium ion;microtubule-based process;gluconeogenesis;proteasomal protein catabolic process;protein polymerization;cytoskeleton organization	GO:0005737;GO:0005774;GO:0005794;GO:0009506;GO:0009507;GO:0005886;GO:0005874;GO:0045298	cytoplasm;vacuolar membrane;Golgi apparatus;plasmodesma;chloroplast;plasma membrane;microtubule;tubulin complex	GO:0005198;GO:0005525;GO:0005515;GO:0003924	structural molecule activity;GTP binding;protein binding;GTPase activity			anatomical structure morphogenesis;cell growth;cell morphogenesis;cellular component assembly;cellular component assembly at cellular level;cellular component morphogenesis;cellular component organization;cellular component organization at cellular level;cellular component organization or biogenesis;cellular component organization or biogenesis at cellular level;cellular developmental process;cellular macromolecular complex assembly;cellular macromolecular complex subunit organization;cellular process;cellular protein complex assembly;developmental growth;developmental growth involved in morphogenesis;developmental process;growth;macromolecular complex assembly;macromolecular complex subunit organization;microtubule-based process;protein complex assembly;protein complex subunit organization;protein polymerization;response to abiotic stimulus;response to cadmium ion;response to chemical stimulus;response to inorganic substance;response to light stimulus;response to metal ion;response to osmotic stress;response to radiation;response to salt stress;response to stimulus;response to stress;unidimensional cell growth	binding;catalytic activity;GTP binding;GTPase activity;guanyl nucleotide binding;guanyl ribonucleotide binding;hydrolase activity;hydrolase activity, acting on acid anhydrides;hydrolase activity, acting on acid anhydrides, in phosphorus-containing anhydrides;nucleoside-triphosphatase activity;nucleotide binding;purine nucleotide binding;purine ribonucleoside triphosphate binding;purine ribonucleotide binding;pyrophosphatase activity;ribonucleotide binding;structural constituent of cytoskeleton;structural molecule activity	apoplast;cell junction;cell part;cell wall;cell-cell junction;chloroplast;chloroplast part;chloroplast stroma;cytoplasm;cytoplasmic part;cytoskeletal part;cytosol;external encapsulating structure;extracellular region;Golgi apparatus;intracellular membrane-bounded organelle;intracellular organelle;intracellular organelle part;intracellular part;macromolecular complex;membrane;membrane-bounded organelle;microtubule;organelle;organelle membrane;organelle part;plasma membrane;plasmodesma;plastid;plastid part;plastid stroma;protein complex;tubulin complex;vacuolar membrane;vacuolar part;vacuole	Gap junction;Pathogenic Escherichia coli infection;Phagosome	Tubulin;Tubulin_C	492350	4516500	0	0	3841100	464860	unknown	unknown	unknown	unknown	1
776	Q9SY59	Q9SY59	NF-X1-type zinc finger protein NFXL1	AT1G10170	NFXL1	2.43357	1.87202	2.89819	3	2.40126	1.81153817499202E-005	4.7419525095		GO:0010188;GO:0009610;GO:0009651;GO:0010310;GO:0009697;GO:0006914;GO:0009642;GO:0006355;GO:0006366;GO:0042742	response to microbial phytotoxin;response to symbiotic fungus;response to salt stress;regulation of hydrogen peroxide metabolic process;salicylic acid biosynthetic process;autophagy;response to light intensity;regulation of transcription, DNA-templated;transcription from RNA polymerase II promoter;defense response to bacterium	GO:0005634	nucleus	GO:0003700;GO:0016874	transcription factor activity, sequence-specific DNA binding;ligase activity			aromatic compound biosynthetic process;biological regulation;biosynthetic process;carboxylic acid biosynthetic process;carboxylic acid metabolic process;cellular aromatic compound metabolic process;cellular biosynthetic process;cellular ketone metabolic process;cellular macromolecule biosynthetic process;cellular macromolecule metabolic process;cellular metabolic process;cellular nitrogen compound metabolic process;cellular process;cellular protein metabolic process;defense response;defense response to bacterium;macromolecule biosynthetic process;macromolecule metabolic process;macromolecule modification;metabolic process;monocarboxylic acid metabolic process;multi-organism process;nitrogen compound metabolic process;nucleic acid metabolic process;nucleobase-containing compound metabolic process;organic acid biosynthetic process;organic acid metabolic process;oxoacid metabolic process;primary metabolic process;protein metabolic process;protein modification by small protein conjugation;protein modification by small protein conjugation or removal;protein modification process;protein ubiquitination;regulation of biological process;regulation of cellular metabolic process;regulation of cellular process;regulation of hydrogen peroxide metabolic process;regulation of metabolic process;regulation of reactive oxygen species metabolic process;response to abiotic stimulus;response to bacterium;response to biotic stimulus;response to chemical stimulus;response to light intensity;response to light stimulus;response to microbial phytotoxin;response to osmotic stress;response to other organism;response to radiation;response to salt stress;response to stimulus;response to stress;response to toxin;RNA biosynthetic process;RNA metabolic process;salicylic acid biosynthetic process;salicylic acid metabolic process;small molecule biosynthetic process;small molecule metabolic process;transcription, DNA-dependent	binding;catalytic activity;cation binding;DNA binding;ion binding;ligase activity;metal ion binding;nucleic acid binding;nucleic acid binding transcription factor activity;sequence-specific DNA binding transcription factor activity;transition metal ion binding;zinc ion binding	cell part;intracellular membrane-bounded organelle;intracellular organelle;intracellular part;membrane-bounded organelle;nucleus;organelle		zf-NF-X1	746660	9885000	10536000	2284100	44916000	8008000	unknown	unknown	unknown	unknown	1
689	Q9LUT2;Q42169	Q9LUT2	S-adenosylmethionine synthase 4	AT3G17390	METK4	2.55033	1.9284	2.69283	3	2.39052	1.96943604843077E-005	4.705658117		GO:0006556;GO:0006555;GO:0009809;GO:0009409;GO:0006730	S-adenosylmethionine biosynthetic process;methionine metabolic process;lignin biosynthetic process;response to cold;one-carbon metabolic process	GO:0005886;GO:0005737;GO:0005618;GO:0016020;GO:0005730;GO:0009506	plasma membrane;cytoplasm;cell wall;membrane;nucleolus;plasmodesma	GO:0046872;GO:0004478;GO:0005524	metal ion binding;methionine adenosyltransferase activity;ATP binding			amine biosynthetic process;amine metabolic process;aromatic compound biosynthetic process;aspartate family amino acid metabolic process;biosynthetic process;carboxylic acid biosynthetic process;carboxylic acid metabolic process;cellular amine metabolic process;cellular amino acid biosynthetic process;cellular amino acid metabolic process;cellular aromatic compound metabolic process;cellular biosynthetic process;cellular ketone metabolic process;cellular metabolic process;cellular modified amino acid biosynthetic process;cellular modified amino acid metabolic process;cellular nitrogen compound biosynthetic process;cellular nitrogen compound metabolic process;cellular process;coenzyme biosynthetic process;coenzyme metabolic process;cofactor biosynthetic process;cofactor metabolic process;heterocycle biosynthetic process;heterocycle metabolic process;lignin biosynthetic process;lignin metabolic process;metabolic process;methionine metabolic process;nitrogen compound metabolic process;nucleobase-containing compound biosynthetic process;nucleobase-containing compound metabolic process;nucleobase-containing small molecule metabolic process;nucleoside biosynthetic process;nucleoside metabolic process;one-carbon metabolic process;organic acid biosynthetic process;organic acid metabolic process;oxoacid metabolic process;phenylpropanoid biosynthetic process;phenylpropanoid metabolic process;primary metabolic process;purine nucleoside biosynthetic process;purine nucleoside metabolic process;purine ribonucleoside biosynthetic process;purine ribonucleoside metabolic process;purine-containing compound biosynthetic process;purine-containing compound metabolic process;response to abiotic stimulus;response to cold;response to stimulus;response to stress;response to temperature stimulus;ribonucleoside biosynthetic process;ribonucleoside metabolic process;S-adenosylmethionine biosynthetic process;S-adenosylmethionine metabolic process;secondary metabolic process;small molecule biosynthetic process;small molecule metabolic process;sulfur amino acid metabolic process;sulfur compound biosynthetic process;sulfur compound metabolic process	adenyl nucleotide binding;adenyl ribonucleotide binding;ATP binding;binding;catalytic activity;cation binding;ion binding;metal ion binding;methionine adenosyltransferase activity;nucleotide binding;purine nucleotide binding;purine ribonucleoside triphosphate binding;purine ribonucleotide binding;ribonucleotide binding;transferase activity;transferase activity, transferring alkyl or aryl (other than methyl) groups	cell junction;cell part;cell wall;cell-cell junction;cytoplasm;external encapsulating structure;intracellular non-membrane-bounded organelle;intracellular organelle;intracellular organelle part;intracellular part;membrane;non-membrane-bounded organelle;nuclear part;nucleolus;organelle;organelle part;plasma membrane;plasmodesma	Cysteine and methionine metabolism	S-AdoMet_synt_C;S-AdoMet_synt_M;S-AdoMet_synt_N	2666600	14028000	1652300	496600	15255000	3745500	unknown	unknown	unknown	unknown	1
333	P43286;Q42277;Q42114;Q56ZI3	P43286;Q42277	Aquaporin PIP2-1	AT3G53420	PIP2-1	NaN	3.14	2.69544	2	2.91772	2.0874125395633E-005	4.680391712		GO:0009269;GO:0009409;GO:0006096;GO:0009414;GO:0009651;GO:0006833;GO:0048767;GO:0046686;GO:0009737;GO:0019344;GO:0010106;GO:0009750;GO:0006826;GO:0006816;GO:0006972;GO:0080170;GO:0009266;GO:0006810;GO:0006970;GO:0007030	response to desiccation;response to cold;glycolytic process;response to water deprivation;response to salt stress;water transport;root hair elongation;response to cadmium ion;response to abscisic acid;cysteine biosynthetic process;cellular response to iron ion starvation;response to fructose;iron ion transport;calcium ion transport;hyperosmotic response;hydrogen peroxide transmembrane transport;response to temperature stimulus;transport;response to osmotic stress;Golgi organization	GO:0009506;GO:0005773;GO:0005886;GO:0016020;GO:0009507	plasmodesma;vacuole;plasma membrane;membrane;chloroplast	GO:0015250;GO:0031625	water channel activity;ubiquitin protein ligase binding			cellular process;establishment of localization;hydrogen peroxide transmembrane transport;response to abiotic stimulus;response to abscisic acid stimulus;response to chemical stimulus;response to endogenous stimulus;response to hormone stimulus;response to organic substance;response to stimulus;response to stress;response to water;response to water deprivation;transmembrane transport;transport	channel activity;passive transmembrane transporter activity;substrate-specific channel activity;substrate-specific transmembrane transporter activity;substrate-specific transporter activity;transmembrane transporter activity;transporter activity;water channel activity;water transmembrane transporter activity	cell junction;cell part;cell-cell junction;chloroplast;cytoplasmic part;integral to membrane;intracellular membrane-bounded organelle;intracellular organelle;intracellular part;intrinsic to membrane;membrane;membrane part;membrane-bounded organelle;organelle;plasma membrane;plasmodesma;plastid;vacuole		MIP	511360	2950300	3699700	423910	10532000	1741500	unknown	unknown	unknown	unknown	1
76	C0Z2L2;P43292;Q9FFP9;Q9C958;P43291;F4I7B6	C0Z2L2;P43292;Q9FFP9;Q9C958;P43291;F4I7B6	Serine/threonine-protein kinase SRK2G;Serine/threonine-protein kinase SRK2H;Serine/threonine-protein kinase SRK2B;Serine/threonine-protein kinase SRK2A	AT5G63650	SRK2G;SRK2H;SRK2B;SRK2A	1.23769	NaN	4.39099	2	2.81434	3.95555098066821E-005	4.4027930138		GO:0006970;GO:0009651	response to osmotic stress;response to salt stress	GO:0005737;GO:0005634	cytoplasm;nucleus	GO:0016301	kinase activity			anatomical structure development;developmental process;lateral root development;organ development;post-embryonic development;post-embryonic organ development;post-embryonic root development;response to abiotic stimulus;response to osmotic stress;response to salt stress;response to stimulus;response to stress;root development	adenyl nucleotide binding;adenyl ribonucleotide binding;ATP binding;binding;catalytic activity;kinase activity;lipid binding;nucleotide binding;phosphatidic acid binding;phospholipid binding;phosphotransferase activity, alcohol group as acceptor;protein kinase activity;protein serine/threonine kinase activity;purine nucleotide binding;purine ribonucleoside triphosphate binding;purine ribonucleotide binding;ribonucleotide binding;transferase activity;transferase activity, transferring phosphorus-containing groups	cell part;cytoplasmic part;cytosol;intracellular membrane-bounded organelle;intracellular organelle;intracellular part;membrane-bounded organelle;nucleus;organelle	Plant hormone signal transduction	Pkinase	372830	978580	340760	19745	1939900	101360	unknown	unknown	unknown	unknown	1
160	F4ISQ7-2;F4ISQ7	F4ISQ7-2;F4ISQ7	DNA topoisomerase	AT2G32000	DNA topoisomerase, type IA	2.6515	1.39581	2.84042	3	2.29591	4.00118477172426E-005	4.3978113928		GO:0006265;GO:0048573;GO:0006268	DNA topological change;photoperiodism, flowering;DNA unwinding involved in DNA replication	GO:0005576	extracellular region	GO:0003677;GO:0046872;GO:0003917	DNA binding;metal ion binding;DNA topoisomerase type I activity			cellular macromolecule metabolic process;cellular metabolic process;cellular nitrogen compound metabolic process;cellular process;DNA conformation change;DNA metabolic process;DNA topological change;macromolecule metabolic process;metabolic process;nitrogen compound metabolic process;nucleic acid metabolic process;nucleobase-containing compound metabolic process;primary metabolic process	binding;catalytic activity;DNA binding;DNA topoisomerase activity;DNA topoisomerase type I activity;isomerase activity;nucleic acid binding	cell part;chromosome;intracellular non-membrane-bounded organelle;intracellular organelle;intracellular part;non-membrane-bounded organelle;organelle	Homologous recombination	Topoisom_bac;Toprim	2247700	14373000	7421800	2612000	73806000	26540000	unknown	unknown	unknown	unknown	0
72	P93004;C0SVL5;O23830	P93004;C0SVL5;O23830	Aquaporin PIP2-7	At4g35100	PIP2-7;PIP3	NaN	2.79176	2.73092	2	2.76134	5.43961909198144E-005	4.2644315106		GO:0009651;GO:0006810;GO:0009737	response to salt stress;transport;response to abscisic acid	GO:0005634;GO:0005886;GO:0009506;GO:0046658;GO:0005773;GO:0016020	nucleus;plasma membrane;plasmodesma;anchored component of plasma membrane;vacuole;membrane	GO:0005515;GO:0015250	protein binding;water channel activity			response to abscisic acid stimulus;response to chemical stimulus;response to endogenous stimulus;response to hormone stimulus;response to organic substance;response to stimulus	channel activity;passive transmembrane transporter activity;substrate-specific channel activity;substrate-specific transmembrane transporter activity;substrate-specific transporter activity;transmembrane transporter activity;transporter activity;water channel activity;water transmembrane transporter activity	anchored to membrane;anchored to plasma membrane;cell junction;cell part;cell-cell junction;cytoplasmic part;integral to membrane;intracellular membrane-bounded organelle;intracellular organelle;intracellular part;intrinsic to membrane;intrinsic to plasma membrane;membrane part;membrane-bounded organelle;nucleus;organelle;plasma membrane part;plasmodesma;vacuole		MIP	0	0	3192100	134110	13676000	1133000	unknown	unknown	unknown	unknown	1
565	Q96511;Q84M88	Q96511;Q84M88	Peroxidase 69	AT5G64100	PER69	NaN	2.87303	2.43323	2	2.65313	0.0001048116	3.9795905629		GO:0042744;GO:0015706;GO:0010167;GO:0055114;GO:0015698;GO:0006979	hydrogen peroxide catabolic process;nitrate transport;response to nitrate;oxidation-reduction process;inorganic anion transport;response to oxidative stress	GO:0005576;GO:0005618;GO:0009506;GO:0005886	extracellular region;cell wall;plasmodesma;plasma membrane	GO:0004601;GO:0046872;GO:0020037	peroxidase activity;metal ion binding;heme binding			catabolic process;cellular catabolic process;cellular metabolic process;cellular process;cellular response to chemical stimulus;cellular response to hydrogen peroxide;cellular response to oxidative stress;cellular response to reactive oxygen species;cellular response to stimulus;cellular response to stress;hydrogen peroxide catabolic process;hydrogen peroxide metabolic process;metabolic process;reactive oxygen species metabolic process;response to chemical stimulus;response to hydrogen peroxide;response to inorganic substance;response to oxidative stress;response to reactive oxygen species;response to stimulus;response to stress	antioxidant activity;binding;catalytic activity;cation binding;heme binding;ion binding;iron ion binding;metal ion binding;oxidoreductase activity;oxidoreductase activity, acting on peroxide as acceptor;peroxidase activity;tetrapyrrole binding;transition metal ion binding	cell junction;cell part;cell wall;cell-cell junction;external encapsulating structure;extracellular region;membrane;plasma membrane;plasmodesma	Methane metabolism;Phenylalanine metabolism;Phenylpropanoid biosynthesis	peroxidase	523640	1712400	8063900	790530	6890500	1050500	unknown	unknown	unknown	unknown	1
349	P56791	P56791	50S ribosomal protein L2, chloroplastic	ATCG00830	rpl2-A	NaN	2.56465	2.51507	2	2.53986	0.0002010404	3.6967165841		GO:0006412	translation	GO:0000311;GO:0009570;GO:0009941;GO:0009507	plastid large ribosomal subunit;chloroplast stroma;chloroplast envelope;chloroplast	GO:0003735	structural constituent of ribosome			biosynthetic process;cellular biosynthetic process;cellular macromolecule biosynthetic process;cellular macromolecule metabolic process;cellular metabolic process;cellular process;cellular protein metabolic process;macromolecule biosynthetic process;macromolecule metabolic process;metabolic process;primary metabolic process;protein metabolic process;translation	binding;catalytic activity;nucleic acid binding;RNA binding;rRNA binding;structural constituent of ribosome;structural molecule activity;transferase activity	cell part;chloroplast;cytoplasmic part;intracellular membrane-bounded organelle;intracellular organelle;intracellular organelle part;intracellular part;large ribosomal subunit;macromolecular complex;membrane-bounded organelle;organelle;organelle part;plastid;ribonucleoprotein complex	Ribosome	Ribosomal_L2;Ribosomal_L2_C	44949	455630	614290	98314	3091500	405520	linked	unknown	linked	unknown	1
568	Q9ASS2;Q940J6;Q56YY6	Q9ASS2;Q940J6	FYVE DOMAIN PROTEIN REQUIRED FOR ENDOSOMAL SORTING 1, FYVE-DOMAIN PROTEIN 1 	AT1G20110	FREE1, FYVE1	2.04733	NaN	2.96872	2	2.508025	0.0002406119	3.6186828176		GO:0007165;GO:0070676;GO:0016192;GO:0036258;GO:0006623;GO:0016197	signal transduction;intralumenal vesicle formation;vesicle-mediated transport;multivesicular body assembly;protein targeting to vacuole;endosomal transport	GO:0005634;GO:0010008;GO:0031902;GO:0000813;GO:0005623;GO:0005622	nucleus;endosome membrane;late endosome membrane;ESCRT I complex;cell;intracellular	GO:0005515;GO:0035091;GO:0043130	protein binding;phosphatidylinositol binding;ubiquitin binding				binding;cation binding;ion binding;metal ion binding			FYVE	156720	2835600	655060	29665	2215700	107930	unknown	unknown	unknown	unknown	1
374	Q96293;Q96292;Q0WL95;F4J8V9;Q8LB94;B9DHA3;Q93ZL9;C0Z223	Q96293;Q96292;Q0WL95;F4J8V9;Q8LB94;B9DHA3;Q93ZL9	Actin-8;Actin-2	AT1G49240	ACT8;ACT2;At3g18780;AT3G18780	1.9358	1.23077	2.9614	3	2.0426566667	0.0002486617	3.6043911823		GO:0010498;GO:0007010;GO:0048768;GO:0009651;GO:0016049;GO:0006970;GO:0000902;GO:0046686;GO:0048193;GO:0006094	proteasomal protein catabolic process;cytoskeleton organization;root hair cell tip growth;response to salt stress;cell growth;response to osmotic stress;cell morphogenesis;response to cadmium ion;Golgi vesicle transport;gluconeogenesis	GO:0005773;GO:0009570;GO:0009941;GO:0009507;GO:0005856;GO:0005737;GO:0005886;GO:0009506;GO:0005829	vacuole;chloroplast stroma;chloroplast envelope;chloroplast;cytoskeleton;cytoplasm;plasma membrane;plasmodesma;cytosol	GO:0005524;GO:0005200;GO:0005507	ATP binding;structural constituent of cytoskeleton;copper ion binding			anatomical structure morphogenesis;cell growth;cell morphogenesis;cell morphogenesis involved in differentiation;cell tip growth;cellular component morphogenesis;cellular component organization;cellular component organization or biogenesis;cellular developmental process;cellular process;developmental growth;developmental growth involved in morphogenesis;developmental process;growth;response to abiotic stimulus;response to chemical stimulus;response to cytokinin stimulus;response to endogenous stimulus;response to far red light;response to high light intensity;response to hormone stimulus;response to light intensity;response to light stimulus;response to organic substance;response to osmotic stress;response to radiation;response to red light;response to red or far red light;response to salt stress;response to stimulus;response to stress;root hair cell tip growth;unidimensional cell growth	adenyl nucleotide binding;adenyl ribonucleotide binding;ATP binding;binding;cation binding;copper ion binding;ion binding;metal ion binding;nucleotide binding;purine nucleotide binding;purine ribonucleoside triphosphate binding;purine ribonucleotide binding;ribonucleotide binding;structural constituent of cytoskeleton;structural molecule activity;transition metal ion binding	cell junction;cell part;cell-cell junction;chloroplast envelope;chloroplast part;chloroplast stroma;cytoplasm;cytoplasmic part;cytoskeleton;cytosol;envelope;intracellular membrane-bounded organelle;intracellular non-membrane-bounded organelle;intracellular organelle;intracellular organelle part;intracellular part;membrane;membrane-bounded organelle;non-membrane-bounded organelle;nucleus;organelle;organelle envelope;organelle part;plasma membrane;plasmodesma;plastid envelope;plastid part;plastid stroma;vacuole		Actin	7351100	24728000	7511000	3837100	24300000	3480900	unknown	unknown	unknown	unknown	1
216	Q8RX87;F4K470;Q42099;Q9FVM2;Q94A08-3;F4J3E6;Q94A08-2;Q94A08	Q8RX87;F4K470;Q42099;Q9FVM2	Probable galactinol--sucrose galactosyltransferase 6	AT5G20250	RFS6;DIN10;din10, DARK INDUCIBLE 10	1.82908	NaN	3.12155	2	2.475315	0.0002877532	3.5409798358		GO:0009409;GO:0005975;GO:0009744;GO:0080167;GO:0006979;GO:0009416;GO:0007568;GO:0009750	response to cold;carbohydrate metabolic process;response to sucrose;response to karrikin;response to oxidative stress;response to light stimulus;aging;response to fructose	GO:0009506;GO:0009507;GO:0005737	plasmodesma;chloroplast;cytoplasm	GO:0016757;GO:0004553;GO:0047274	transferase activity, transferring glycosyl groups;hydrolase activity, hydrolyzing O-glycosyl compounds;galactinol-sucrose galactosyltransferase activity			carbohydrate catabolic process;carbohydrate metabolic process;catabolic process;metabolic process;oligosaccharide catabolic process;oligosaccharide metabolic process;primary metabolic process;raffinose catabolic process;raffinose metabolic process;response to abiotic stimulus;response to chemical stimulus;response to karrikin;response to oxidative stress;response to stimulus;response to stress	alpha-galactosidase activity;catalytic activity;galactinol-sucrose galactosyltransferase activity;galactosidase activity;galactosyltransferase activity;hydrolase activity;hydrolase activity, acting on glycosyl bonds;hydrolase activity, hydrolyzing O-glycosyl compounds;raffinose alpha-galactosidase activity;transferase activity;transferase activity, transferring glycosyl groups;transferase activity, transferring hexosyl groups	cell junction;cell-cell junction;plasmodesma		Raffinose_syn	439500	1332700	0	0	2379900	168650	unknown	unknown	unknown	unknown	1
466	Q9ZVJ8;Q8L5Y4	Q9ZVJ8;Q8L5Y4	 EMBRYO DEFECTIVE 2765	At2g38770	EMB2765	NaN	2.79546	2.1151	2	2.45528	0.0003193332	3.4957559717		GO:0000398	mRNA splicing, via spliceosome	GO:0005681;GO:0005886;GO:0005634;GO:0009507	spliceosomal complex;plasma membrane;nucleus;chloroplast				GO:0005681	cellular macromolecule metabolic process;cellular metabolic process;cellular nitrogen compound metabolic process;cellular process;macromolecule metabolic process;metabolic process;mRNA metabolic process;mRNA processing;nitrogen compound metabolic process;nuclear mRNA splicing, via spliceosome;nucleic acid metabolic process;nucleobase-containing compound metabolic process;primary metabolic process;RNA metabolic process;RNA processing;RNA splicing;RNA splicing, via transesterification reactions;RNA splicing, via transesterification reactions with bulged adenosine as nucleophile		cell part;chloroplast;cytoplasmic part;intracellular membrane-bounded organelle;intracellular organelle;intracellular organelle part;intracellular part;macromolecular complex;membrane;membrane-bounded organelle;nuclear part;organelle;organelle part;plasma membrane;plastid;ribonucleoprotein complex;spliceosomal complex	Spliceosome		0	0	548310	48891	9069700	1390900	linked	linked	linked	unknown	1
410	Q39165	Q39165	Oleosin 21.2 kDa	AT5G40420	OLE2, OLEO2	NaN	2.79646	2.09499	2	2.445725	0.0003360682	3.4735725982		GO:0050826;GO:0010162;GO:0009845;GO:0009640;GO:0016567;GO:0009793;GO:0019915;GO:0010182;GO:0009933;GO:0009909;GO:0010228;GO:0010344	response to freezing;seed dormancy process;seed germination;photomorphogenesis;protein ubiquitination;embryo development ending in seed dormancy;lipid storage;sugar mediated signaling pathway;meristem structural organization;regulation of flower development;vegetative to reproductive phase transition of meristem;seed oilbody biogenesis	GO:0016020;GO:0012511;GO:0016021	membrane;monolayer-surrounded lipid storage body;integral component of membrane	GO:0003674	molecular_function			cellular component biogenesis;cellular component biogenesis at cellular level;cellular component organization or biogenesis;cellular component organization or biogenesis at cellular level;cellular process;cellular process involved in reproduction;lipid localization;lipid storage;localization;macromolecule localization;multicellular organismal process;reproductive process;response to abiotic stimulus;response to cold;response to freezing;response to stimulus;response to stress;response to temperature stimulus;seed germination;seed oilbody biogenesis		cell part;cytoplasmic part;integral to membrane;intracellular membrane-bounded organelle;intracellular organelle;intracellular part;intrinsic to membrane;lipid particle;membrane part;membrane-bounded organelle;monolayer-surrounded lipid storage body;organelle		Oleosin	0	0	1621000	133660	3955500	453450	unknown	unknown	unknown	unknown	1
185	Q9SFU1;F4JD96	Q9SFU1;F4JD96	60S ribosomal protein L13a-1	AT3G07110	RPL13AA	2.35089	2.44811	NaN	2	2.3995	0.0004290067	3.3675359482		GO:0006412;GO:0009735;GO:0001510	translation;response to cytokinin;RNA methylation	GO:0005737;GO:0022626;GO:0015934;GO:0022625;GO:0009507;GO:0016020;GO:0005730;GO:0009506	cytoplasm;cytosolic ribosome;large ribosomal subunit;cytosolic large ribosomal subunit;chloroplast;membrane;nucleolus;plasmodesma	GO:0003735	structural constituent of ribosome			biosynthetic process;cellular biosynthetic process;cellular macromolecule biosynthetic process;cellular macromolecule metabolic process;cellular metabolic process;cellular process;cellular protein metabolic process;macromolecule biosynthetic process;macromolecule metabolic process;metabolic process;primary metabolic process;protein metabolic process;translation	structural constituent of ribosome;structural molecule activity	cell junction;cell part;cell-cell junction;chloroplast;cytoplasmic part;cytosolic large ribosomal subunit;intracellular membrane-bounded organelle;intracellular non-membrane-bounded organelle;intracellular organelle;intracellular organelle part;intracellular part;large ribosomal subunit;macromolecular complex;membrane;membrane-bounded organelle;non-membrane-bounded organelle;nuclear part;nucleolus;organelle;organelle part;plasmodesma;plastid;ribonucleoprotein complex		Ribosomal_L13	7581400	2587800	3000900	141980	1906500	79170	linked	unknown	linked	unknown	1
241	Q9SDM9;O04316;O04318;O49326;O49326-2	Q9SDM9;O04316	Nitrile-specifier protein 1;Nitrile-specifier protein 4	AT3G16400	NSP1;NSP4	1.77176	1.74125	2.20091	3	1.90464	0.0006113404	3.2137168691		GO:0080027;GO:0019762;GO:0080028	response to herbivore;glucosinolate catabolic process;nitrile biosynthetic process	GO:0005737	cytoplasm	GO:0030246	carbohydrate binding			biosynthetic process;carbohydrate catabolic process;carbohydrate metabolic process;catabolic process;cellular biosynthetic process;cellular carbohydrate catabolic process;cellular carbohydrate metabolic process;cellular catabolic process;cellular metabolic process;cellular nitrogen compound biosynthetic process;cellular nitrogen compound metabolic process;cellular process;glucosinolate catabolic process;glucosinolate metabolic process;glycoside catabolic process;glycoside metabolic process;glycosinolate catabolic process;glycosinolate metabolic process;metabolic process;multi-organism process;nitrile biosynthetic process;nitrile metabolic process;nitrogen compound metabolic process;primary metabolic process;response to biotic stimulus;response to herbivore;response to other organism;response to stimulus;secondary metabolic process;S-glycoside catabolic process;S-glycoside metabolic process;sulfur compound catabolic process;sulfur compound metabolic process		cell junction;cell part;cell-cell junction;chloroplast;cytoplasmic part;intracellular membrane-bounded organelle;intracellular organelle;intracellular part;membrane-bounded organelle;organelle;plasmodesma;plastid		Jacalin;Kelch_1	2463300	8648200	2551000	967380	10156000	4280700	unknown	unknown	unknown	unknown	1
381	Q0WPK4;O64542;Q56X08;Q8LFT9	Q0WPK4;O64542	"ARABIDOPSIS HOMOLOG OF YEAST PAT1
"	AT1G79090	YUP8H12R.29	1.21412	2.1495	2.2823	3	1.8819733333	0.0007067165	3.1507547727		GO:0000290;GO:0006486;GO:0045087	deadenylation-dependent decapping of nuclear-transcribed mRNA;protein glycosylation;innate immune response	GO:0000932;GO:0005737	cytoplasmic mRNA processing body;cytoplasm	GO:0005515	protein binding		GO:0000932				RNA degradation	PAT1	320320	2020900	3928700	487190	21710000	4660000	linked	linked	linked	unknown	1
557	Q94JX5	Q94JX5	Member of LIM proteins	AT1G10200	F14N23.8, WLIM1	1.20157	NaN	3.33901	2	2.27029	0.0008466639	3.0722889766		GO:0051017	actin filament bundle assembly	GO:0005737;GO:0005856;GO:0015629;GO:0005886	cytoplasm;cytoskeleton;actin cytoskeleton;plasma membrane	GO:0003700;GO:0051015;GO:0008270	transcription factor activity, sequence-specific DNA binding;actin filament binding;zinc ion binding			actin cytoskeleton organization;actin filament bundle assembly;actin filament organization;actin filament-based process;cellular component assembly;cellular component assembly at cellular level;cellular component organization;cellular component organization at cellular level;cellular component organization or biogenesis;cellular component organization or biogenesis at cellular level;cellular process;cytoskeleton organization;organelle organization	actin binding;actin filament binding;binding;cation binding;cytoskeletal protein binding;ion binding;metal ion binding;protein binding;transition metal ion binding;zinc ion binding	cell part;membrane;plasma membrane		LIM	449820	1495700	503820	0	35172000	1821300	unknown	unknown	unknown	unknown	1
14	A8MQ78;Q6NQ72	A8MQ78;Q6NQ72	ALY4	AT5G37720	ALY4	2.28007	0.916262	2.25257	3	1.8163006667	0.0010775285	2.9675712197		GO:0051028	mRNA transport	GO:0005730;GO:0005654	nucleolus;nucleoplasm	GO:0003723;GO:0003676;GO:0000166	RNA binding;nucleic acid binding;nucleotide binding	GO:0003723			binding;nucleic acid binding;nucleotide binding	cell part;intracellular non-membrane-bounded organelle;intracellular organelle;intracellular organelle part;intracellular part;non-membrane-bounded organelle;nuclear part;nucleolus;organelle;organelle part	mRNA surveillance pathway;RNA transport;Spliceosome	FoP_duplication	11791000	17184000	6593300	1165700	35115000	10191000	linked	linked	linked	unknown	1
47	F4HUL6;B9DHU0;B9DG18;Q42547;C0Z2I6;Q2V4M4;O64954;B9DHR6;Q43278;F4JM86;B9DFK6;Q96528;Q0WUH6;Q940G2;P25819;A0A0B4UMT5	F4HUL6;B9DHU0;B9DG18;Q42547;C0Z2I6;Q2V4M4	Catalase-3	AT1G20620	CAT3	1.54498	1.39775	2.46435	3	1.80236	0.0011707637	2.9315307673		GO:0044242;GO:0009853;GO:0009409;GO:0009970;GO:0009416;GO:0016036;GO:0046686;GO:0006995;GO:0042744;GO:0042542;GO:0031347;GO:0009627	cellular lipid catabolic process;photorespiration;response to cold;cellular response to sulfate starvation;response to light stimulus;cellular response to phosphate starvation;response to cadmium ion;cellular response to nitrogen starvation;hydrogen peroxide catabolic process;response to hydrogen peroxide;regulation of defense response;systemic acquired resistance	GO:0005777;GO:0009570;GO:0005886;GO:0016020;GO:0048046;GO:0022626;GO:0005773;GO:0009507;GO:0009506;GO:0009941;GO:0005618;GO:0005739;GO:0005634	peroxisome;chloroplast stroma;plasma membrane;membrane;apoplast;cytosolic ribosome;vacuole;chloroplast;plasmodesma;chloroplast envelope;cell wall;mitochondrion;nucleus	GO:0004096;GO:0050897;GO:0005515;GO:0020037	catalase activity;cobalt ion binding;protein binding;heme binding			biological regulation;catabolic process;cell communication;cell death;cell redox homeostasis;cellular catabolic process;cellular homeostasis;cellular metabolic process;cellular process;cellular response to chemical stimulus;cellular response to external stimulus;cellular response to extracellular stimulus;cellular response to hydrogen peroxide;cellular response to nitrogen levels;cellular response to nitrogen starvation;cellular response to nutrient levels;cellular response to oxidative stress;cellular response to phosphate starvation;cellular response to reactive oxygen species;cellular response to starvation;cellular response to stimulus;cellular response to stress;cellular response to sulfate starvation;death;homeostatic process;hydrogen peroxide catabolic process;hydrogen peroxide metabolic process;metabolic process;photoperiodism;reactive oxygen species metabolic process;regulation of biological process;regulation of biological quality;regulation of cellular process;response to abiotic stimulus;response to abscisic acid stimulus;response to cadmium ion;response to chemical stimulus;response to cold;response to endogenous stimulus;response to external stimulus;response to extracellular stimulus;response to hormone stimulus;response to hydrogen peroxide;response to inorganic substance;response to light stimulus;response to metal ion;response to nutrient levels;response to organic substance;response to oxidative stress;response to radiation;response to reactive oxygen species;response to starvation;response to stimulus;response to stress;response to temperature stimulus	antioxidant activity;binding;catalase activity;catalytic activity;cation binding;cobalt ion binding;heme binding;ion binding;iron ion binding;metal ion binding;oxidoreductase activity;oxidoreductase activity, acting on peroxide as acceptor;peroxidase activity;tetrapyrrole binding;transition metal ion binding	apoplast;cell junction;cell part;cell wall;cell-cell junction;chloroplast;chloroplast envelope;chloroplast part;chloroplast stroma;cytoplasmic part;cytosolic part;cytosolic ribosome;envelope;external encapsulating structure;extracellular region;glyoxysome;intracellular membrane-bounded organelle;intracellular non-membrane-bounded organelle;intracellular organelle;intracellular organelle part;intracellular part;macromolecular complex;membrane;membrane-bounded organelle;microbody;mitochondrion;non-membrane-bounded organelle;organelle;organelle envelope;organelle part;peroxisome;plasma membrane;plasmodesma;plastid;plastid envelope;plastid part;plastid stroma;ribonucleoprotein complex;ribosome;stromule;vacuole	Amyotrophic lateral sclerosis (ALS);Methane metabolism;Peroxisome;Tryptophan metabolism	Catalase;Catalase-rel	5031700	15877000	6449500	2577100	12909000	1102600	unknown	unknown	unknown	unknown	1
301	P14712;P14712-2;C1IWG9;E7CI22	P14712;P14712-2	Phytochrome A	AT1G09570	PHYA	1.22132	NaN	3.09813	2	2.159725	0.0014857285	2.8280605344		GO:0006351;GO:0010017;GO:0009638;GO:0018298;GO:0010218;GO:0010201;GO:0009630;GO:0010161;GO:0018106;GO:0017148;GO:0007623;GO:0009640;GO:0010203;GO:0006355;GO:0046685	transcription, DNA-templated;red or far-red light signaling pathway;phototropism;protein-chromophore linkage;response to far red light;response to continuous far red light stimulus by the high-irradiance response system;gravitropism;red light signaling pathway;peptidyl-histidine phosphorylation;negative regulation of translation;circadian rhythm;photomorphogenesis;response to very low fluence red light stimulus;regulation of transcription, DNA-templated;response to arsenic-containing substance	GO:0005634;GO:0016604;GO:0005737;GO:0016020;GO:0016607	nucleus;nuclear body;cytoplasm;membrane;nuclear speck	GO:0005515;GO:0042802;GO:0008020;GO:0031516;GO:0004673;GO:0004871;GO:0009883	protein binding;identical protein binding;G-protein coupled photoreceptor activity;far-red light photoreceptor activity;protein histidine kinase activity;signal transducer activity;red or far-red light photoreceptor activity			biological regulation;biosynthetic process;cellular biosynthetic process;cellular macromolecule biosynthetic process;cellular macromolecule metabolic process;cellular metabolic process;cellular nitrogen compound metabolic process;cellular process;cellular protein metabolic process;cellular response to abiotic stimulus;cellular response to light stimulus;cellular response to radiation;cellular response to red light;cellular response to red or far red light;cellular response to stimulus;detection of abiotic stimulus;detection of external stimulus;detection of light stimulus;detection of stimulus;detection of visible light;developmental process;gravitropism;macromolecule biosynthetic process;macromolecule metabolic process;macromolecule modification;metabolic process;multicellular organismal process;negative regulation of biological process;negative regulation of biosynthetic process;negative regulation of cellular biosynthetic process;negative regulation of cellular macromolecule biosynthetic process;negative regulation of cellular metabolic process;negative regulation of cellular process;negative regulation of cellular protein metabolic process;negative regulation of macromolecule biosynthetic process;negative regulation of macromolecule metabolic process;negative regulation of metabolic process;negative regulation of protein metabolic process;negative regulation of translation;nitrogen compound metabolic process;nucleic acid metabolic process;nucleobase-containing compound metabolic process;photomorphogenesis;phototropism;post-embryonic development;posttranscriptional regulation of gene expression;primary metabolic process;protein metabolic process;protein modification process;protein-chromophore linkage;protein-tetrapyrrole linkage;red light signaling pathway;red or far-red light signaling pathway;regulation of biological process;regulation of biosynthetic process;regulation of cellular biosynthetic process;regulation of cellular macromolecule biosynthetic process;regulation of cellular metabolic process;regulation of cellular process;regulation of cellular protein metabolic process;regulation of gene expression;regulation of macromolecule biosynthetic process;regulation of macromolecule metabolic process;regulation of metabolic process;regulation of nitrogen compound metabolic process;regulation of nucleobase-containing compound metabolic process;regulation of primary metabolic process;regulation of protein metabolic process;regulation of RNA metabolic process;regulation of transcription, DNA-dependent;regulation of translation;response to abiotic stimulus;response to arsenic-containing substance;response to blue light;response to chemical stimulus;response to continuous far red light stimulus by the high-irradiance response system;response to external stimulus;response to far red light;response to gravity;response to inorganic substance;response to light intensity;response to light stimulus;response to radiation;response to red light;response to red or far red light;response to stimulus;response to very low fluence red light stimulus;response to very low light intensity stimulus;RNA biosynthetic process;RNA metabolic process;signal transduction;signal transduction via phosphorylation event;transcription, DNA-dependent;tropism;two-component signal transduction system (phosphorelay)	adenyl nucleotide binding;adenyl ribonucleotide binding;ATP binding;binding;catalytic activity;far-red light photoreceptor activity;kinase activity;molecular transducer activity;nucleotide binding;phosphotransferase activity, alcohol group as acceptor;phosphotransferase activity, nitrogenous group as acceptor;photoreceptor activity;protein histidine kinase activity;protein kinase activity;purine nucleotide binding;purine ribonucleoside triphosphate binding;purine ribonucleotide binding;receptor activity;red or far-red light photoreceptor activity;ribonucleotide binding;signal transducer activity;signaling receptor activity;transferase activity;transferase activity, transferring phosphorus-containing groups;two-component sensor activity	cell part;cytoplasm;cytoplasmic part;intracellular membrane-bounded organelle;intracellular organelle;intracellular organelle part;intracellular part;membrane;membrane-bounded organelle;mitochondrion;nuclear body;nuclear part;nuclear speck;nucleoplasm part;organelle;organelle part	Circadian rhythm - plant	GAF;HATPase_c;HisKA;PAS;PAS_2;PHY	34017000	4580100	2452400	31400	12395000	747960	unknown	unknown	unknown	unknown	1
504	Q8VYF7;Q0WLI7	Q8VYF7;Q0WLI7	Single-stranded DNA-binding protein WHY2, mitochondrial	At1g71260	WHY2	1.99324	NaN	2.26271	2	2.127975	0.0017306354	2.7617944244		GO:0006355;GO:0006281;GO:0009086;GO:0000394;GO:0006952	regulation of transcription, DNA-templated;DNA repair;methionine biosynthetic process;RNA splicing, via endonucleolytic cleavage and ligation;defense response	GO:0005739;GO:0009507	mitochondrion;chloroplast	GO:0003677	DNA binding			biological regulation;cellular macromolecule metabolic process;cellular metabolic process;cellular nitrogen compound metabolic process;cellular process;cellular response to stimulus;cellular response to stress;defense response;DNA metabolic process;DNA repair;macromolecule metabolic process;metabolic process;nitrogen compound metabolic process;nucleic acid metabolic process;nucleobase-containing compound metabolic process;primary metabolic process;regulation of biological process;regulation of biosynthetic process;regulation of cellular biosynthetic process;regulation of cellular macromolecule biosynthetic process;regulation of cellular metabolic process;regulation of cellular process;regulation of gene expression;regulation of macromolecule biosynthetic process;regulation of macromolecule metabolic process;regulation of metabolic process;regulation of nitrogen compound metabolic process;regulation of nucleobase-containing compound metabolic process;regulation of primary metabolic process;regulation of RNA metabolic process;regulation of transcription, DNA-dependent;response to DNA damage stimulus;response to stimulus;response to stress	binding;DNA binding;nucleic acid binding	cell part;cytoplasmic part;intracellular membrane-bounded organelle;intracellular organelle;intracellular part;membrane-bounded organelle;mitochondrion;organelle		Whirly	73113	487550	309820	17333	1298500	120890	unknown	unknown	linked	unknown	1
748	Q9SJI8;Q9LXT3	Q9SJI8;Q9LXT3	Multiprotein-bridging factor 1a;Multiprotein-bridging factor 1b	AT2G42680	MBF1A;MBF1B	0.438399	NaN	3.62629	2	2.0323445	0.0027375272	2.5626415577		GO:0009723;GO:0045893;GO:0042542;GO:0006351;GO:0009644;GO:1903506	response to ethylene;positive regulation of transcription, DNA-templated;response to hydrogen peroxide;transcription, DNA-templated;response to high light intensity;regulation of nucleic acid-templated transcription	GO:0005730;GO:0005634	nucleolus;nucleus	GO:0043565;GO:0003713;GO:0003677	sequence-specific DNA binding;transcription coactivator activity;DNA binding			biological regulation;biosynthetic process;cellular biosynthetic process;cellular macromolecule biosynthetic process;cellular macromolecule metabolic process;cellular metabolic process;cellular nitrogen compound metabolic process;cellular process;macromolecule biosynthetic process;macromolecule metabolic process;metabolic process;nitrogen compound metabolic process;nucleic acid metabolic process;nucleobase-containing compound metabolic process;positive regulation of biological process;positive regulation of biosynthetic process;positive regulation of cellular biosynthetic process;positive regulation of cellular metabolic process;positive regulation of cellular process;positive regulation of gene expression;positive regulation of macromolecule biosynthetic process;positive regulation of macromolecule metabolic process;positive regulation of metabolic process;positive regulation of nitrogen compound metabolic process;positive regulation of nucleobase-containing compound metabolic process;positive regulation of RNA metabolic process;positive regulation of transcription, DNA-dependent;primary metabolic process;regulation of biological process;regulation of biosynthetic process;regulation of cellular biosynthetic process;regulation of cellular macromolecule biosynthetic process;regulation of cellular metabolic process;regulation of cellular process;regulation of gene expression;regulation of macromolecule biosynthetic process;regulation of macromolecule metabolic process;regulation of metabolic process;regulation of nitrogen compound metabolic process;regulation of nucleobase-containing compound metabolic process;regulation of primary metabolic process;regulation of RNA metabolic process;regulation of transcription, DNA-dependent;RNA biosynthetic process;RNA metabolic process;transcription, DNA-dependent	binding;DNA binding;nucleic acid binding;protein binding transcription factor activity;sequence-specific DNA binding;transcription coactivator activity;transcription cofactor activity;transcription factor binding transcription factor activity	cell part;cytoplasm;intracellular non-membrane-bounded organelle;intracellular organelle;intracellular organelle part;intracellular part;non-membrane-bounded organelle;nuclear part;nucleolus;organelle;organelle part		HTH_3;MBF1	2702300	4589800	2045000	4938.8	16148000	299800	unknown	unknown	unknown	unknown	1
554	Q94C98;O23352;Q0WLS5	Q94C98;O23352	Topoisomerase II-associated protein PAT1	AT4G14990	dl3535c, PAT1	NaN	1.74773	2.23664	2	1.992185	0.0033186253	2.4790417772		GO:0008150	cytoplasmic mRNA processing body assembly, deadenylation-dependent decapping of nuclear-transcribed mRNA	GO:0005737	cytoplasm, cytoplasmic mRNA processing body	GO:0016853	RNA binding						RNA degradation	PAT1	360120	1148900	919510	374710	6763900	1415800	unknown	unknown	linked	unknown	1
269	O48963;Q56Y57;B9DF94	O48963;Q56Y57;B9DF94	Phototropin-1	AT3G45780	JK224, NONPHOTOTROPIC HYPOCOTYL 1, NPH1, PHOT1, PHOTOTROPIN 1, ROOT PHOTOTROPISM 1, RPT1	1.24135	NaN	2.72242	2	1.981885	0.0034759149	2.4589308676		GO:0010155;GO:0009904;GO:0046777;GO:0010119;GO:0010362;GO:0010218;GO:0010114;GO:0009744;GO:0009644;GO:0009637;GO:0009903;GO:0009638	regulation of proton transport;chloroplast accumulation movement;protein autophosphorylation;regulation of stomatal movement;negative regulation of anion channel activity by blue light;response to far red light;response to red light;response to sucrose;response to high light intensity;response to blue light;chloroplast avoidance movement;phototropism	GO:0009898;GO:0005773;GO:0005886;GO:0005737;GO:0009986	cytoplasmic side of plasma membrane;vacuole;plasma membrane;cytoplasm;cell surface	GO:0010181;GO:0042802;GO:0005515;GO:0004674;GO:0016301;GO:0004672;GO:0009882;GO:0005524	FMN binding;identical protein binding;protein binding;protein serine/threonine kinase activity;kinase activity;protein kinase activity;blue light photoreceptor activity;ATP binding			biological regulation;cellular component organization;cellular component organization at cellular level;cellular component organization or biogenesis;cellular component organization or biogenesis at cellular level;cellular macromolecule metabolic process;cellular metabolic process;cellular process;cellular protein metabolic process;cellular response to stimulus;chloroplast accumulation movement;chloroplast avoidance movement;chloroplast organization;chloroplast relocation;establishment of localization;establishment of localization in cell;establishment of organelle localization;establishment of plastid localization;macromolecule metabolic process;macromolecule modification;metabolic process;multicellular organismal process;negative regulation of anion channel activity;negative regulation of anion channel activity by blue light;negative regulation of biological process;negative regulation of ion transmembrane transporter activity;negative regulation of molecular function;negative regulation of transport;negative regulation of transporter activity;organelle organization;phosphate-containing compound metabolic process;phosphorus metabolic process;phosphorylation;phototropism;plastid organization;primary metabolic process;protein autophosphorylation;protein metabolic process;protein modification process;protein phosphorylation;protein-chromophore linkage;regulation of anion channel activity;regulation of anion channel activity by blue light;regulation of anion transport;regulation of biological process;regulation of cellular process;regulation of ion transmembrane transport;regulation of ion transmembrane transporter activity;regulation of ion transport;regulation of localization;regulation of molecular function;regulation of proton transport;regulation of stomatal movement;regulation of transmembrane transport;regulation of transmembrane transporter activity;regulation of transport;regulation of transporter activity;response to abiotic stimulus;response to blue light;response to external stimulus;response to light stimulus;response to radiation;response to stimulus;signal transduction;signal transduction via phosphorylation event;tropism	adenyl nucleotide binding;adenyl ribonucleotide binding;ATP binding;binding;blue light photoreceptor activity;catalytic activity;coenzyme binding;cofactor binding;FMN binding;kinase activity;molecular transducer activity;nucleotide binding;phosphotransferase activity, alcohol group as acceptor;phosphotransferase activity, nitrogenous group as acceptor;photoreceptor activity;protein histidine kinase activity;protein kinase activity;protein serine/threonine kinase activity;purine nucleotide binding;purine ribonucleoside triphosphate binding;purine ribonucleotide binding;receptor activity;ribonucleotide binding;signal transducer activity;signaling receptor activity;transferase activity;transferase activity, transferring phosphorus-containing groups;two-component sensor activity	cell part;cell surface;cytoplasmic part;internal side of plasma membrane;intracellular membrane-bounded organelle;intracellular organelle;intracellular part;membrane part;membrane-bounded organelle;organelle;plasma membrane part;vacuole		Pkinase	1052600	2826900	0	0	3108900	516830	unknown	unknown	unknown	unknown	1
237	Q8H158;P55737;P51818;O03986;Q8GRU8;P27323;F4K6B6;Q570T4;Q56WE0	Q8H158;P55737;P51818;O03986;Q8GRU8;P27323;F4K6B6;Q570T4;Q56WE0	Heat shock protein 90-2;Heat shock protein 90-3;Heat shock protein 90-4;Heat shock protein 90-1	AT5G56030	HSP90-2;HSP90-3;HSP90-4;HSP90-1;HSP81-2;At5g52640	1.40953	0.848531	2.39638	3	1.5514803333	0.005067139	2.2952371799		GO:0051131;GO:0090332;GO:0010187;GO:0009414;GO:0009408;GO:0009651;GO:0006457;GO:0009816;GO:0048366;GO:0050821;GO:0006952;GO:0009612;GO:0019722;GO:0009908;GO:0010286	chaperone-mediated protein complex assembly;stomatal closure;negative regulation of seed germination;response to water deprivation;response to heat;response to salt stress;protein folding;defense response to bacterium, incompatible interaction;leaf development;protein stabilization;defense response;response to mechanical stimulus;calcium-mediated signaling;flower development;heat acclimation	GO:0005737;GO:0005739;GO:0005794;GO:0005618;GO:0005634;GO:0005829;GO:0009506	cytoplasm;mitochondrion;Golgi apparatus;cell wall;nucleus;cytosol;plasmodesma	GO:0005524;GO:0005515;GO:0051082;GO:0016887	ATP binding;protein binding;unfolded protein binding;ATPase activity			cellular macromolecule metabolic process;cellular metabolic process;cellular process;cellular protein metabolic process;cellular response to calcium ion;cellular response to chemical stimulus;cellular response to inorganic substance;cellular response to metal ion;cellular response to stimulus;defense response;defense response to bacterium;defense response to bacterium, incompatible interaction;defense response, incompatible interaction;immune response;immune system process;innate immune response;macromolecule metabolic process;metabolic process;multi-organism process;primary metabolic process;protein folding;protein metabolic process;response to abiotic stimulus;response to bacterium;response to biotic stimulus;response to calcium ion;response to chemical stimulus;response to heat;response to inorganic substance;response to metal ion;response to other organism;response to stimulus;response to stress;response to temperature stimulus	adenyl nucleotide binding;adenyl ribonucleotide binding;ATP binding;ATPase activity;binding;catalytic activity;hydrolase activity;hydrolase activity, acting on acid anhydrides;hydrolase activity, acting on acid anhydrides, in phosphorus-containing anhydrides;nucleoside-triphosphatase activity;nucleotide binding;purine nucleotide binding;purine ribonucleoside triphosphate binding;purine ribonucleotide binding;pyrophosphatase activity;ribonucleotide binding	apoplast;cell part;cell wall;chloroplast part;chloroplast stroma;cytoplasm;cytoplasmic part;cytosol;external encapsulating structure;extracellular region;Golgi apparatus;intracellular membrane-bounded organelle;intracellular non-membrane-bounded organelle;intracellular organelle;intracellular organelle part;intracellular part;membrane;membrane-bounded organelle;non-membrane-bounded organelle;nuclear part;nucleolus;nucleus;organelle;organelle membrane;organelle part;plasma membrane;plastid part;plastid stroma;vacuolar membrane;vacuolar part	Antigen processing and presentation;NOD-like receptor signaling pathway;Pathways in cancer;Plant-pathogen interaction;Progesterone-mediated oocyte maturation;Prostate cancer;Protein processing in endoplasmic reticulum	HATPase_c;HSP90	523130	1384900	250430	193270	1255100	210550	unknown	unknown	unknown	unknown	1
551	Q94C21;Q9LPY6;A8MR62	Q94C21;Q9LPY6;A8MR62	eukaryotic translation initiation factor-related	AT1G11480		1.46837	2.4765	0.586731	3	1.5105336667	0.00634103	2.1978401897		GO:0006413	translational initiation	GO:0005634	nucleus	GO:0003743	translation initiation factor activity				binding;nucleic acid binding;RNA binding;translation factor activity, nucleic acid binding;translation initiation factor activity				306640	2056300	879000	66477	3424800	1312200	linked	unknown	linked	unknown	1
173	F4J4G3;Q9SCY9;F4J4G2;Q0WP86	F4J4G3;Q9SCY9;F4J4G2;Q0WP86	PAP/OAS1 substrate-binding domain superfamily	AT3G51620	F26O13.260	1.50513	NaN	2.10886	2	1.806995	0.0076744699	2.1149516123		GO:0008150	biological_process	GO:0005634	nucleus	GO:0003674	molecular_function				catalytic activity;transferase activity				793690	2527500	0	0	2999900	346960	unknown	unknown	unknown	unknown	1
332	P42794-2;Q0WQZ1;P42795;P42794	P42794-2;Q0WQZ1;P42795;P42794	60S ribosomal protein L11-1;60S ribosomal protein L11-2	AT3G58700	RPL11A;RPL11B	1.23805	NaN	2.36863	2	1.80334	0.0077747374	2.10931427		GO:0006412;GO:0001510	translation;RNA methylation	GO:0005737;GO:0022626;GO:0022625;GO:0005773	cytoplasm;cytosolic ribosome;cytosolic large ribosomal subunit;vacuole	GO:0003735	structural constituent of ribosome			biosynthetic process;cellular biosynthetic process;cellular macromolecule biosynthetic process;cellular macromolecule metabolic process;cellular metabolic process;cellular process;cellular protein metabolic process;macromolecule biosynthetic process;macromolecule metabolic process;metabolic process;primary metabolic process;protein metabolic process;translation	binding;nucleic acid binding;RNA binding;rRNA binding;structural constituent of ribosome;structural molecule activity	cell junction;cell part;cell-cell junction;chloroplast;cytoplasmic part;cytosolic large ribosomal subunit;intracellular membrane-bounded organelle;intracellular non-membrane-bounded organelle;intracellular organelle;intracellular organelle part;intracellular part;large ribosomal subunit;macromolecular complex;membrane;membrane-bounded organelle;non-membrane-bounded organelle;nuclear part;nucleolus;organelle;organelle part;plasmodesma;plastid;ribonucleoprotein complex;ribosome;vacuole		Ribosomal_L5;Ribosomal_L5_C	362990	894850	378590	53127	2995800	558250	linked	unknown	linked	unknown	0
632	Q9FPW4	Q9FPW4	Probable NOT transcription complex subunit VIP2, NEGATIVE ON TATA LESS2B, NOT2B, VIP2, VIRE2 INTERACTING PROTEIN 2	AT5G59710	VIP2	NaN	1.95612	1.64774	2	1.80193	0.0077977372	2.1080314061		GO:0017148;GO:0045892;GO:0015074;GO:0000288;GO:0006355;GO:0000911	negative regulation of translation;negative regulation of transcription, DNA-templated;DNA integration;nuclear-transcribed mRNA catabolic process, deadenylation-dependent decay;regulation of transcription, DNA-templated;cytokinesis by cell plate formation	GO:0000932;GO:0005634;GO:0030015	cytoplasmic mRNA processing body;nucleus;CCR4-NOT core complex	GO:0005515	protein binding		GO:0000932	biological regulation;biosynthetic process;cellular biosynthetic process;cellular macromolecule biosynthetic process;cellular macromolecule metabolic process;cellular metabolic process;cellular nitrogen compound metabolic process;cellular process;DNA integration;DNA metabolic process;macromolecule biosynthetic process;macromolecule metabolic process;metabolic process;nitrogen compound metabolic process;nucleic acid metabolic process;nucleobase-containing compound metabolic process;primary metabolic process;regulation of biological process;regulation of biosynthetic process;regulation of cellular biosynthetic process;regulation of cellular macromolecule biosynthetic process;regulation of cellular metabolic process;regulation of cellular process;regulation of gene expression;regulation of macromolecule biosynthetic process;regulation of macromolecule metabolic process;regulation of metabolic process;regulation of nitrogen compound metabolic process;regulation of nucleobase-containing compound metabolic process;regulation of primary metabolic process;regulation of RNA metabolic process;regulation of transcription, DNA-dependent;RNA biosynthetic process;RNA metabolic process;transcription, DNA-dependent		cell part;intracellular membrane-bounded organelle;intracellular organelle;intracellular part;membrane-bounded organelle;nucleus;organelle		NOT2_3_5	17569	446220	3360000	145740	8565500	1824900	unknown	linked	linked	unknown	1
334	P43287	P43287	Aquaporin PIP2-2	AT2G37170	PIP2-2	1.49385	NaN	2.05451	2	1.77418	0.0087894463	2.0560384834		GO:0009414;GO:0009651;GO:0006810;GO:0006833;GO:0009737	response to water deprivation;response to salt stress;transport;water transport;response to abscisic acid	GO:0009507;GO:0009506;GO:0005886;GO:0016020	chloroplast;plasmodesma;plasma membrane;membrane	GO:0015250	water channel activity			response to abiotic stimulus;response to abscisic acid stimulus;response to chemical stimulus;response to endogenous stimulus;response to hormone stimulus;response to organic substance;response to stimulus;response to stress;response to water;response to water deprivation	channel activity;passive transmembrane transporter activity;substrate-specific channel activity;substrate-specific transmembrane transporter activity;substrate-specific transporter activity;transmembrane transporter activity;transporter activity;water channel activity;water transmembrane transporter activity	cell junction;cell part;cell-cell junction;chloroplast;cytoplasmic part;integral to membrane;intracellular membrane-bounded organelle;intracellular organelle;intracellular part;intrinsic to membrane;membrane;membrane part;membrane-bounded organelle;organelle;plasma membrane;plasmodesma;plastid		MIP	234920	872710	545290	142460	2828400	548980	unknown	unknown	unknown	unknown	1
